{
    "rotation": [
    -0.99858570098876953,
    0.034871328622102737,
    -0.040131792426109314,
    -0.035594094544649124,
    -0.99921417236328125,
    0.017438292503356934,
    -0.039492156356573105,
    0.018842084333300591,
    0.99904221296310425], 
    "translation": [
    0.095909953117370605,
    0.35953742265701294,
    -0.21704858541488647]
}