{"color": {"width": 960, "height": 540, "cx": 480, "cy": 270, "fx": 427.66439819335938, "fy": 427.66439819335938, "opencv": [427.66439819335938, 427.66439819335938, 480, 270, 0, 0, 0, 0, 0, 0, 0, 0]}}